run	Submitted_files
2013-12-30	NG-7070_B010_lib33875_1976_1_1.fastq.gz
2013-12-30	NG-7070_B010_lib33875_1976_1_2.fastq.gz
2013-12-30	NG-7070_B020_lib33876_1976_1_1.fastq.gz
2013-12-30	NG-7070_B020_lib33876_1976_1_2.fastq.gz
2013-12-30	NG-7070_B030_lib33877_1976_1_1.fastq.gz
2013-12-30	NG-7070_B030_lib33877_1976_1_2.fastq.gz
2013-12-30	NG-7070_B040_lib33878_1976_1_1.fastq.gz
2013-12-30	NG-7070_B040_lib33878_1976_1_2.fastq.gz
2013-12-30	NG-7070_B050_lib33879_1976_1_1.fastq.gz
2013-12-30	NG-7070_B050_lib33879_1976_1_2.fastq.gz
2013-12-30	NG-7070_B060_lib33880_1976_1_1.fastq.gz
2013-12-30	NG-7070_B060_lib33880_1976_1_2.fastq.gz
2013-12-30	NG-7070_B070_lib33881_1976_1_1.fastq.gz
2013-12-30	NG-7070_B070_lib33881_1976_1_2.fastq.gz
2013-12-30	NG-7070_B080_lib33882_1976_1_1.fastq.gz
2013-12-30	NG-7070_B080_lib33882_1976_1_2.fastq.gz
2013-12-30	NG-7070_B090_lib33883_1976_1_1.fastq.gz
2013-12-30	NG-7070_B090_lib33883_1976_1_2.fastq.gz
2013-12-30	NG-7070_B100_lib33884_1976_1_1.fastq.gz
2013-12-30	NG-7070_B100_lib33884_1976_1_2.fastq.gz
2013-12-30	NG-7070_L010_lib33865_1976_1_1.fastq.gz
2013-12-30	NG-7070_L010_lib33865_1976_1_2.fastq.gz
2013-12-30	NG-7070_L020_lib33866_1976_1_1.fastq.gz
2013-12-30	NG-7070_L020_lib33866_1976_1_2.fastq.gz
2013-12-30	NG-7070_L030_lib33867_1976_1_1.fastq.gz
2013-12-30	NG-7070_L030_lib33867_1976_1_2.fastq.gz
2013-12-30	NG-7070_L040_lib33868_1976_1_1.fastq.gz
2013-12-30	NG-7070_L040_lib33868_1976_1_2.fastq.gz
2013-12-30	NG-7070_L050_lib33869_1976_1_1.fastq.gz
2013-12-30	NG-7070_L050_lib33869_1976_1_2.fastq.gz
2013-12-30	NG-7070_L060_lib33870_1976_1_1.fastq.gz
2013-12-30	NG-7070_L060_lib33870_1976_1_2.fastq.gz
2013-12-30	NG-7070_L070_lib33871_1976_1_1.fastq.gz
2013-12-30	NG-7070_L070_lib33871_1976_1_2.fastq.gz
2013-12-30	NG-7070_L080_lib33872_1976_1_1.fastq.gz
2013-12-30	NG-7070_L080_lib33872_1976_1_2.fastq.gz
2013-12-30	NG-7070_L090_lib33873_1976_1_1.fastq.gz
2013-12-30	NG-7070_L090_lib33873_1976_1_2.fastq.gz
2013-12-30	NG-7070_L100_lib33874_1976_1_1.fastq.gz
2013-12-30	NG-7070_L100_lib33874_1976_1_2.fastq.gz
2015-01-12	NG-7295_B005_B006_lib43217_3324_1_1.fastq.gz
2015-01-12	NG-7295_B005_B006_lib43217_3324_1_2.fastq.gz
2015-01-12	NG-7295_B007_B008_lib43218_3324_1_1.fastq.gz
2015-01-12	NG-7295_B007_B008_lib43218_3324_1_2.fastq.gz
2015-01-12	NG-7295_B011_B012_lib43220_3324_1_1.fastq.gz
2015-01-12	NG-7295_B011_B012_lib43220_3324_1_2.fastq.gz
2015-01-12	NG-7295_B013_B014_lib43221_3324_1_1.fastq.gz
2015-01-12	NG-7295_B013_B014_lib43221_3324_1_2.fastq.gz
2015-01-12	NG-7295_B029_B030_lib43229_3324_1_1.fastq.gz
2015-01-12	NG-7295_B029_B030_lib43229_3324_1_2.fastq.gz
2015-01-12	NG-7295_B031_B032_lib43230_3324_1_1.fastq.gz
2015-01-12	NG-7295_B031_B032_lib43230_3324_1_2.fastq.gz
2015-01-12	NG-7295_B033_B034_lib43231_3324_1_1.fastq.gz
2015-01-12	NG-7295_B033_B034_lib43231_3324_1_2.fastq.gz
2015-01-12	NG-7295_B035_B036_lib43232_3324_1_1.fastq.gz
2015-01-12	NG-7295_B035_B036_lib43232_3324_1_2.fastq.gz
2015-01-12	NG-7295_B037_B038_lib43233_3324_1_1.fastq.gz
2015-01-12	NG-7295_B037_B038_lib43233_3324_1_2.fastq.gz
2015-01-12	NG-7295_B039_B040_lib43234_3324_1_1.fastq.gz
2015-01-12	NG-7295_B039_B040_lib43234_3324_1_2.fastq.gz
2015-01-12	NG-7295_B043_B044_lib43236_3324_1_1.fastq.gz
2015-01-12	NG-7295_B043_B044_lib43236_3324_1_2.fastq.gz
2015-01-12	NG-7295_B045_B046_lib43237_3324_1_1.fastq.gz
2015-01-12	NG-7295_B045_B046_lib43237_3324_1_2.fastq.gz
2015-01-12	NG-7295_B047_B048_lib43238_3324_1_1.fastq.gz
2015-01-12	NG-7295_B047_B048_lib43238_3324_1_2.fastq.gz
2015-01-12	NG-7295_B051_B052_lib43240_3324_1_1.fastq.gz
2015-01-12	NG-7295_B051_B052_lib43240_3324_1_2.fastq.gz
2015-01-12	NG-7295_B081_B082_lib48220_3324_1_1.fastq.gz
2015-01-12	NG-7295_B081_B082_lib48220_3324_1_2.fastq.gz
2015-01-12	NG-7295_L049_L050_lib43189_3323_1_1.fastq.gz
2015-01-12	NG-7295_L049_L050_lib43189_3323_1_2.fastq.gz
2015-01-12	NG-7295_L051_L052_lib43190_3323_1_1.fastq.gz
2015-01-12	NG-7295_L051_L052_lib43190_3323_1_2.fastq.gz
2015-01-12	NG-7295_L053_L054_lib43191_3323_1_1.fastq.gz
2015-01-12	NG-7295_L053_L054_lib43191_3323_1_2.fastq.gz
2015-01-12	NG-7295_L055_L056_lib43192_3323_1_1.fastq.gz
2015-01-12	NG-7295_L055_L056_lib43192_3323_1_2.fastq.gz
2015-01-12	NG-7295_L057_L058_lib43193_3323_1_1.fastq.gz
2015-01-12	NG-7295_L057_L058_lib43193_3323_1_2.fastq.gz
2015-01-12	NG-7295_L059_L060_lib43194_3323_1_1.fastq.gz
2015-01-12	NG-7295_L059_L060_lib43194_3323_1_2.fastq.gz
2015-01-12	NG-7295_L061_L062_lib43195_3323_1_1.fastq.gz
2015-01-12	NG-7295_L061_L062_lib43195_3323_1_2.fastq.gz
2015-01-12	NG-7295_L063_L064_lib43196_3323_1_1.fastq.gz
2015-01-12	NG-7295_L063_L064_lib43196_3323_1_2.fastq.gz
2015-01-12	NG-7295_L065_L066_lib43197_3323_1_1.fastq.gz
2015-01-12	NG-7295_L065_L066_lib43197_3323_1_2.fastq.gz
2015-01-12	NG-7295_L067_L068_lib43198_3323_1_1.fastq.gz
2015-01-12	NG-7295_L067_L068_lib43198_3323_1_2.fastq.gz
2015-01-12	NG-7295_L069_L070_lib43199_3323_1_1.fastq.gz
2015-01-12	NG-7295_L069_L070_lib43199_3323_1_2.fastq.gz
2015-01-12	NG-7295_L071_L072_lib43200_3323_1_1.fastq.gz
2015-01-12	NG-7295_L071_L072_lib43200_3323_1_2.fastq.gz
2015-01-12	NG-7295_L073_L074_lib43201_3323_1_1.fastq.gz
2015-01-12	NG-7295_L073_L074_lib43201_3323_1_2.fastq.gz
2015-01-12	NG-7295_L075_L076_lib43202_3323_1_1.fastq.gz
2015-01-12	NG-7295_L075_L076_lib43202_3323_1_2.fastq.gz
2015-01-12	NG-7295_L077_L078_lib43203_3323_1_1.fastq.gz
2015-01-12	NG-7295_L077_L078_lib43203_3323_1_2.fastq.gz
2015-01-12	NG-7295_L079_L080_lib43204_3323_1_1.fastq.gz
2015-01-12	NG-7295_L079_L080_lib43204_3323_1_2.fastq.gz
2015-01-12	NG-7295_L081_L082_lib43205_3323_1_1.fastq.gz
2015-01-12	NG-7295_L081_L082_lib43205_3323_1_2.fastq.gz
2015-01-12	NG-7295_L083_L084_lib43206_3323_1_1.fastq.gz
2015-01-12	NG-7295_L083_L084_lib43206_3323_1_2.fastq.gz
2015-01-12	NG-7295_L085_L086_lib43207_3323_1_1.fastq.gz
2015-01-12	NG-7295_L085_L086_lib43207_3323_1_2.fastq.gz
2015-01-12	NG-7295_L089_L090_lib43209_3323_1_1.fastq.gz
2015-01-12	NG-7295_L089_L090_lib43209_3323_1_2.fastq.gz
2015-01-12	NG-7295_L092_lib43210_3324_1_1.fastq.gz
2015-01-12	NG-7295_L092_lib43210_3324_1_2.fastq.gz
2015-01-12	NG-7295_L093_L094_lib43211_3324_1_1.fastq.gz
2015-01-12	NG-7295_L093_L094_lib43211_3324_1_2.fastq.gz
2015-01-12	NG-7295_L095_L096_lib43212_3324_1_1.fastq.gz
2015-01-12	NG-7295_L095_L096_lib43212_3324_1_2.fastq.gz
2015-01-12	NG-7295_L097_L098_lib43213_3324_1_1.fastq.gz
2015-01-12	NG-7295_L097_L098_lib43213_3324_1_2.fastq.gz
2015-01-12	NG-7295_L099_L100_lib43214_3324_1_1.fastq.gz
2015-01-12	NG-7295_L099_L100_lib43214_3324_1_2.fastq.gz
2015-01-26	NG-7295_B129_B130_lib48294_3361_1_1.fastq.gz
2015-01-26	NG-7295_B129_B130_lib48294_3361_1_2.fastq.gz
2015-01-26	NG-7295_B133_B134_lib48296_3361_1_1.fastq.gz
2015-01-26	NG-7295_B133_B134_lib48296_3361_1_2.fastq.gz
2015-01-26	NG-7295_B135_B136_lib48297_3361_1_1.fastq.gz
2015-01-26	NG-7295_B135_B136_lib48297_3361_1_2.fastq.gz
2015-01-26	NG-7295_B143_B144_lib48301_3361_1_1.fastq.gz
2015-01-26	NG-7295_B143_B144_lib48301_3361_1_2.fastq.gz
2015-01-26	NG-7295_B145_B146_lib48302_3361_1_1.fastq.gz
2015-01-26	NG-7295_B145_B146_lib48302_3361_1_2.fastq.gz
2015-01-26	NG-7295_B155_B156_lib48307_3361_1_1.fastq.gz
2015-01-26	NG-7295_B155_B156_lib48307_3361_1_2.fastq.gz
2015-01-26	NG-7295_B163_B164_lib48311_3361_1_1.fastq.gz
2015-01-26	NG-7295_B163_B164_lib48311_3361_1_2.fastq.gz
2015-01-26	NG-7295_B167_B168_lib48313_3361_1_1.fastq.gz
2015-01-26	NG-7295_B167_B168_lib48313_3361_1_2.fastq.gz
2015-01-26	NG-7295_B173_B174_lib48316_3361_1_1.fastq.gz
2015-01-26	NG-7295_B173_B174_lib48316_3361_1_2.fastq.gz
2015-01-26	NG-7295_B175_B176_lib48317_3361_1_1.fastq.gz
2015-01-26	NG-7295_B175_B176_lib48317_3361_1_2.fastq.gz
2015-01-26	NG-7295_B177_B178_lib48318_3361_1_1.fastq.gz
2015-01-26	NG-7295_B177_B178_lib48318_3361_1_2.fastq.gz
2015-01-26	NG-7295_B183_B184_lib48321_3361_1_1.fastq.gz
2015-01-26	NG-7295_B183_B184_lib48321_3361_1_2.fastq.gz
2015-01-26	NG-7295_B185_B186_lib48322_3361_1_1.fastq.gz
2015-01-26	NG-7295_B185_B186_lib48322_3361_1_2.fastq.gz
2015-01-26	NG-7295_B193_B194_lib48326_3361_1_1.fastq.gz
2015-01-26	NG-7295_B193_B194_lib48326_3361_1_2.fastq.gz
2015-01-26	NG-7295_B197_B198_lib48328_3361_1_1.fastq.gz
2015-01-26	NG-7295_B197_B198_lib48328_3361_1_2.fastq.gz
2015-01-26	NG-7295_B199_B200_lib48329_3362_1_1.fastq.gz
2015-01-26	NG-7295_B199_B200_lib48329_3362_1_2.fastq.gz
2015-01-26	NG-7295_L101_L102_lib48330_3362_1_1.fastq.gz
2015-01-26	NG-7295_L101_L102_lib48330_3362_1_2.fastq.gz
2015-01-26	NG-7295_L103_L104_lib48331_3362_1_1.fastq.gz
2015-01-26	NG-7295_L103_L104_lib48331_3362_1_2.fastq.gz
2015-01-26	NG-7295_L109_L110_lib48334_3362_1_1.fastq.gz
2015-01-26	NG-7295_L109_L110_lib48334_3362_1_2.fastq.gz
2015-01-26	NG-7295_L111_L112_lib48335_3362_1_1.fastq.gz
2015-01-26	NG-7295_L111_L112_lib48335_3362_1_2.fastq.gz
2015-01-26	NG-7295_L115_L116_lib48337_3362_1_1.fastq.gz
2015-01-26	NG-7295_L115_L116_lib48337_3362_1_2.fastq.gz
2015-01-26	NG-7295_L117_L118_lib48338_3362_1_1.fastq.gz
2015-01-26	NG-7295_L117_L118_lib48338_3362_1_2.fastq.gz
2015-01-26	NG-7295_L119_L120_lib48339_3362_1_1.fastq.gz
2015-01-26	NG-7295_L119_L120_lib48339_3362_1_2.fastq.gz
2015-01-26	NG-7295_L123_L124_lib48341_3362_1_1.fastq.gz
2015-01-26	NG-7295_L123_L124_lib48341_3362_1_2.fastq.gz
2015-01-26	NG-7295_L125_L126_lib48342_3362_1_1.fastq.gz
2015-01-26	NG-7295_L125_L126_lib48342_3362_1_2.fastq.gz
2015-01-26	NG-7295_L129_L130_lib48344_3362_1_1.fastq.gz
2015-01-26	NG-7295_L129_L130_lib48344_3362_1_2.fastq.gz
2015-01-26	NG-7295_L131_L132_lib48345_3362_1_1.fastq.gz
2015-01-26	NG-7295_L131_L132_lib48345_3362_1_2.fastq.gz
2015-01-26	NG-7295_L137_L13_lib48348_3362_1_1.fastq.gz
2015-01-26	NG-7295_L137_L13_lib48348_3362_1_2.fastq.gz
2015-01-26	NG-7295_L139_L140_lib48349_3362_1_1.fastq.gz
2015-01-26	NG-7295_L139_L140_lib48349_3362_1_2.fastq.gz
2015-01-26	NG-7295_L145_L146_lib48352_3362_1_1.fastq.gz
2015-01-26	NG-7295_L145_L146_lib48352_3362_1_2.fastq.gz
2015-01-26	NG-7295_L151_L152_lib48355_3362_1_1.fastq.gz
2015-01-26	NG-7295_L151_L152_lib48355_3362_1_2.fastq.gz
2015-01-26	NG-7295_L155_L156_lib48357_3362_1_1.fastq.gz
2015-01-26	NG-7295_L155_L156_lib48357_3362_1_2.fastq.gz
2015-01-26	NG-7295_L159_L160_lib48359_3362_1_1.fastq.gz
2015-01-26	NG-7295_L159_L160_lib48359_3362_1_2.fastq.gz
2015-01-26	NG-7295_L161_L162_lib48360_3362_1_1.fastq.gz
2015-01-26	NG-7295_L161_L162_lib48360_3362_1_2.fastq.gz
2015-01-26	NG-7295_L165_L166_lib48362_3362_1_1.fastq.gz
2015-01-26	NG-7295_L165_L166_lib48362_3362_1_2.fastq.gz
2015-01-26	NG-7295_T105_T106_lib48232_3360_1_1.fastq.gz
2015-01-26	NG-7295_T105_T106_lib48232_3360_1_2.fastq.gz
2015-01-26	NG-7295_T107_T108_lib48233_3360_1_1.fastq.gz
2015-01-26	NG-7295_T107_T108_lib48233_3360_1_2.fastq.gz
2015-01-26	NG-7295_T109_T110_lib48234_3360_1_1.fastq.gz
2015-01-26	NG-7295_T109_T110_lib48234_3360_1_2.fastq.gz
2015-01-26	NG-7295_T111_lib48235_3360_1_1.fastq.gz
2015-01-26	NG-7295_T111_lib48235_3360_1_2.fastq.gz
2015-01-26	NG-7295_T125_T126_lib48242_3360_1_1.fastq.gz
2015-01-26	NG-7295_T125_T126_lib48242_3360_1_2.fastq.gz
2015-01-26	NG-7295_T127_T128_lib48243_3360_1_1.fastq.gz
2015-01-26	NG-7295_T127_T128_lib48243_3360_1_2.fastq.gz
2015-01-26	NG-7295_T143_T144_lib48251_3360_1_1.fastq.gz
2015-01-26	NG-7295_T143_T144_lib48251_3360_1_2.fastq.gz
2015-01-26	NG-7295_T151_T152_lib48255_3360_1_1.fastq.gz
2015-01-26	NG-7295_T151_T152_lib48255_3360_1_2.fastq.gz
2015-01-26	NG-7295_T154_lib48256_3360_1_1.fastq.gz
2015-01-26	NG-7295_T154_lib48256_3360_1_2.fastq.gz
2015-01-26	NG-7295_T159_T160_lib48259_3360_1_1.fastq.gz
2015-01-26	NG-7295_T159_T160_lib48259_3360_1_2.fastq.gz
2015-01-26	NG-7295_T163_T164_lib48261_3360_1_1.fastq.gz
2015-01-26	NG-7295_T163_T164_lib48261_3360_1_2.fastq.gz
2015-01-26	NG-7295_T165_lib48262_3360_1_1.fastq.gz
2015-01-26	NG-7295_T165_lib48262_3360_1_2.fastq.gz
2015-01-26	NG-7295_T167_T168_lib48263_3360_1_1.fastq.gz
2015-01-26	NG-7295_T167_T168_lib48263_3360_1_2.fastq.gz
2015-01-26	NG-7295_T169_T170_lib48264_3360_1_1.fastq.gz
2015-01-26	NG-7295_T169_T170_lib48264_3360_1_2.fastq.gz
2015-01-26	NG-7295_T171_T172_lib48265_3360_1_1.fastq.gz
2015-01-26	NG-7295_T171_T172_lib48265_3360_1_2.fastq.gz
2015-01-26	NG-7295_T174_lib48266_3360_1_1.fastq.gz
2015-01-26	NG-7295_T174_lib48266_3360_1_2.fastq.gz
2015-01-26	NG-7295_T175_T176_lib48267_3360_1_1.fastq.gz
2015-01-26	NG-7295_T175_T176_lib48267_3360_1_2.fastq.gz
2015-01-26	NG-7295_T177_T178_lib48268_3360_1_1.fastq.gz
2015-01-26	NG-7295_T177_T178_lib48268_3360_1_2.fastq.gz
2015-01-26	NG-7295_T179_T180_lib48269_3360_1_1.fastq.gz
2015-01-26	NG-7295_T179_T180_lib48269_3360_1_2.fastq.gz
2015-01-26	NG-7295_T182_lib48270_3360_1_1.fastq.gz
2015-01-26	NG-7295_T182_lib48270_3360_1_2.fastq.gz
2015-01-26	NG-7295_T185_186_lib48272_3361_1_1.fastq.gz
2015-01-26	NG-7295_T185_186_lib48272_3361_1_2.fastq.gz
2015-01-26	NG-7295_T194_lib48276_3361_1_1.fastq.gz
2015-01-26	NG-7295_T194_lib48276_3361_1_2.fastq.gz
2015-01-26	NG-7295_T195_T196_lib48277_3361_1_1.fastq.gz
2015-01-26	NG-7295_T195_T196_lib48277_3361_1_2.fastq.gz
2015-01-26	NG-7295_T197_T198_lib48278_3361_1_1.fastq.gz
2015-01-26	NG-7295_T197_T198_lib48278_3361_1_2.fastq.gz
2015-01-26	NG-7295_T199_T200_lib48279_3361_1_1.fastq.gz
2015-01-26	NG-7295_T199_T200_lib48279_3361_1_2.fastq.gz
2015-01-30	NG-7295_L001_L002_lib43166_3369_1_1.fastq.gz
2015-01-30	NG-7295_L001_L002_lib43166_3369_1_2.fastq.gz
2015-01-30	NG-7295_L005_L006_lib43168_3369_1_1.fastq.gz
2015-01-30	NG-7295_L005_L006_lib43168_3369_1_2.fastq.gz
2015-01-30	NG-7295_L007_L008_lib43169_3369_1_1.fastq.gz
2015-01-30	NG-7295_L007_L008_lib43169_3369_1_2.fastq.gz
2015-01-30	NG-7295_L011_L012_lib43171_3369_1_1.fastq.gz
2015-01-30	NG-7295_L011_L012_lib43171_3369_1_2.fastq.gz
2015-01-30	NG-7295_L013_L014_lib43172_3369_1_1.fastq.gz
2015-01-30	NG-7295_L013_L014_lib43172_3369_1_2.fastq.gz
2015-01-30	NG-7295_L015_L016_lib43173_3369_1_1.fastq.gz
2015-01-30	NG-7295_L015_L016_lib43173_3369_1_2.fastq.gz
2015-01-30	NG-7295_L018_lib43174_3369_1_1.fastq.gz
2015-01-30	NG-7295_L018_lib43174_3369_1_2.fastq.gz
2015-01-30	NG-7295_L019_L020_lib43175_3369_1_1.fastq.gz
2015-01-30	NG-7295_L019_L020_lib43175_3369_1_2.fastq.gz
2015-01-30	NG-7295_L021_L022_lib43176_3369_1_1.fastq.gz
2015-01-30	NG-7295_L021_L022_lib43176_3369_1_2.fastq.gz
2015-01-30	NG-7295_L023_L024_lib43177_3369_1_1.fastq.gz
2015-01-30	NG-7295_L023_L024_lib43177_3369_1_2.fastq.gz
2015-01-30	NG-7295_L025_L026_lib43178_3369_1_1.fastq.gz
2015-01-30	NG-7295_L025_L026_lib43178_3369_1_2.fastq.gz
2015-01-30	NG-7295_L027_L028_lib43179_3369_1_1.fastq.gz
2015-01-30	NG-7295_L027_L028_lib43179_3369_1_2.fastq.gz
2015-01-30	NG-7295_L030_lib43180_3369_1_1.fastq.gz
2015-01-30	NG-7295_L030_lib43180_3369_1_2.fastq.gz
2015-01-30	NG-7295_L031_L032_lib43181_3369_1_1.fastq.gz
2015-01-30	NG-7295_L031_L032_lib43181_3369_1_2.fastq.gz
2015-01-30	NG-7295_L035_L036_lib43182_3369_1_1.fastq.gz
2015-01-30	NG-7295_L035_L036_lib43182_3369_1_2.fastq.gz
2015-01-30	NG-7295_L037_L038_lib43183_3369_1_1.fastq.gz
2015-01-30	NG-7295_L037_L038_lib43183_3369_1_2.fastq.gz
2015-01-30	NG-7295_L039_L040_lib43184_3369_1_1.fastq.gz
2015-01-30	NG-7295_L039_L040_lib43184_3369_1_2.fastq.gz
2015-01-30	NG-7295_L041_L042_lib43185_3369_1_1.fastq.gz
2015-01-30	NG-7295_L041_L042_lib43185_3369_1_2.fastq.gz
2015-01-30	NG-7295_L043_L044_lib43186_3369_1_1.fastq.gz
2015-01-30	NG-7295_L043_L044_lib43186_3369_1_2.fastq.gz
2015-01-30	NG-7295_L045_L046_lib43187_3369_1_1.fastq.gz
2015-01-30	NG-7295_L045_L046_lib43187_3369_1_2.fastq.gz
2015-02-03	NG-7295_L001_L002_lib43166_3322_1_1.fastq.gz
2015-02-03	NG-7295_L001_L002_lib43166_3322_1_2.fastq.gz
2015-02-03	NG-7295_L005_L006_lib43168_3322_1_1.fastq.gz
2015-02-03	NG-7295_L005_L006_lib43168_3322_1_2.fastq.gz
2015-02-03	NG-7295_L007_L008_lib43169_3322_1_1.fastq.gz
2015-02-03	NG-7295_L007_L008_lib43169_3322_1_2.fastq.gz
2015-02-03	NG-7295_L011_L012_lib43171_3322_1_1.fastq.gz
2015-02-03	NG-7295_L011_L012_lib43171_3322_1_2.fastq.gz
2015-02-03	NG-7295_L013_L014_lib43172_3322_1_1.fastq.gz
2015-02-03	NG-7295_L013_L014_lib43172_3322_1_2.fastq.gz
2015-02-03	NG-7295_L015_L016_lib43173_3322_1_1.fastq.gz
2015-02-03	NG-7295_L015_L016_lib43173_3322_1_2.fastq.gz
2015-02-03	NG-7295_L018_lib43174_3322_1_1.fastq.gz
2015-02-03	NG-7295_L018_lib43174_3322_1_2.fastq.gz
2015-02-03	NG-7295_L019_L020_lib43175_3322_1_1.fastq.gz
2015-02-03	NG-7295_L019_L020_lib43175_3322_1_2.fastq.gz
2015-02-03	NG-7295_L021_L022_lib43176_3322_1_1.fastq.gz
2015-02-03	NG-7295_L021_L022_lib43176_3322_1_2.fastq.gz
2015-02-03	NG-7295_L023_L024_lib43177_3322_1_1.fastq.gz
2015-02-03	NG-7295_L023_L024_lib43177_3322_1_2.fastq.gz
2015-02-03	NG-7295_L025_L026_lib43178_3322_1_1.fastq.gz
2015-02-03	NG-7295_L025_L026_lib43178_3322_1_2.fastq.gz
2015-02-03	NG-7295_L027_L028_lib43179_3322_1_1.fastq.gz
2015-02-03	NG-7295_L027_L028_lib43179_3322_1_2.fastq.gz
2015-02-03	NG-7295_L030_lib43180_3322_1_1.fastq.gz
2015-02-03	NG-7295_L030_lib43180_3322_1_2.fastq.gz
2015-02-03	NG-7295_L031_L032_lib43181_3322_1_1.fastq.gz
2015-02-03	NG-7295_L031_L032_lib43181_3322_1_2.fastq.gz
2015-02-03	NG-7295_L035_L036_lib43182_3322_1_1.fastq.gz
2015-02-03	NG-7295_L035_L036_lib43182_3322_1_2.fastq.gz
2015-02-03	NG-7295_L037_L038_lib43183_3322_1_1.fastq.gz
2015-02-03	NG-7295_L037_L038_lib43183_3322_1_2.fastq.gz
2015-02-03	NG-7295_L039_L040_lib43184_3322_1_1.fastq.gz
2015-02-03	NG-7295_L039_L040_lib43184_3322_1_2.fastq.gz
2015-02-03	NG-7295_L041_L042_lib43185_3322_1_1.fastq.gz
2015-02-03	NG-7295_L041_L042_lib43185_3322_1_2.fastq.gz
2015-02-03	NG-7295_L043_L044_lib43186_3322_1_1.fastq.gz
2015-02-03	NG-7295_L043_L044_lib43186_3322_1_2.fastq.gz
2015-02-03	NG-7295_L045_L046_lib43187_3322_1_1.fastq.gz
2015-02-03	NG-7295_L045_L046_lib43187_3322_1_2.fastq.gz
2015-02-03	NG-7295_L171_L172_lib48365_3378_1_1.fastq.gz
2015-02-03	NG-7295_L171_L172_lib48365_3378_1_2.fastq.gz
2015-02-03	NG-7295_L173_L174_lib48366_3378_1_1.fastq.gz
2015-02-03	NG-7295_L173_L174_lib48366_3378_1_2.fastq.gz
2015-02-03	NG-7295_L175_L176_lib48367_3378_1_1.fastq.gz
2015-02-03	NG-7295_L175_L176_lib48367_3378_1_2.fastq.gz
2015-02-03	NG-7295_L177_L178_lib48368_3378_1_1.fastq.gz
2015-02-03	NG-7295_L177_L178_lib48368_3378_1_2.fastq.gz
2015-02-03	NG-7295_L179_L180_lib48369_3378_1_1.fastq.gz
2015-02-03	NG-7295_L179_L180_lib48369_3378_1_2.fastq.gz
2015-02-03	NG-7295_L181_L182_lib48370_3378_1_1.fastq.gz
2015-02-03	NG-7295_L181_L182_lib48370_3378_1_2.fastq.gz
2015-02-03	NG-7295_L183_L184_lib48371_3378_1_1.fastq.gz
2015-02-03	NG-7295_L183_L184_lib48371_3378_1_2.fastq.gz
2015-02-03	NG-7295_L185_L186_lib48372_3378_1_1.fastq.gz
2015-02-03	NG-7295_L185_L186_lib48372_3378_1_2.fastq.gz
2015-02-03	NG-7295_L187_L188_lib48373_3378_1_1.fastq.gz
2015-02-03	NG-7295_L187_L188_lib48373_3378_1_2.fastq.gz
2015-02-03	NG-7295_L189_L190_lib48374_3378_1_1.fastq.gz
2015-02-03	NG-7295_L189_L190_lib48374_3378_1_2.fastq.gz
2015-02-03	NG-7295_L191_L192_lib48375_3378_1_1.fastq.gz
2015-02-03	NG-7295_L191_L192_lib48375_3378_1_2.fastq.gz
2015-02-03	NG-7295_L193_L194_lib48376_3378_1_1.fastq.gz
2015-02-03	NG-7295_L193_L194_lib48376_3378_1_2.fastq.gz
2015-02-03	NG-7295_L195_L196_lib48377_3378_1_1.fastq.gz
2015-02-03	NG-7295_L195_L196_lib48377_3378_1_2.fastq.gz
2015-02-03	NG-7295_L197_L198_lib48378_3378_1_1.fastq.gz
2015-02-03	NG-7295_L197_L198_lib48378_3378_1_2.fastq.gz
2015-02-03	NG-7295_L199_L200_lib48379_3378_1_1.fastq.gz
2015-02-03	NG-7295_L199_L200_lib48379_3378_1_2.fastq.gz
Roche454_Ciliate_specific	NG-7000_B010_lib32416.sff
Roche454_Ciliate_specific	NG-7000_B020_lib32417.sff
Roche454_Ciliate_specific	NG-7000_B030_lib32418.sff
Roche454_Ciliate_specific	NG-7000_B040_lib32419.sff
Roche454_Ciliate_specific	NG-7000_B050_lib32420.sff
Roche454_Ciliate_specific	NG-7000_B060_lib32421.sff
Roche454_Ciliate_specific	NG-7000_B070_lib32422.sff
Roche454_Ciliate_specific	NG-7000_B080_lib32423.sff
Roche454_Ciliate_specific	NG-7000_B090_lib32424.sff
Roche454_Ciliate_specific	NG-7000_B100_lib32425.sff
Roche454_Ciliate_specific	NG-7000_L010_lib32406.sff
Roche454_Ciliate_specific	NG-7000_L020_lib32407.sff
Roche454_Ciliate_specific	NG-7000_L030_lib32408.sff
Roche454_Ciliate_specific	NG-7000_L040_lib32409.sff
Roche454_Ciliate_specific	NG-7000_L050_lib32410.sff
Roche454_Ciliate_specific	NG-7000_L060_lib32411.sff
Roche454_Ciliate_specific	NG-7000_L070_lib32412.sff
Roche454_Ciliate_specific	NG-7000_L080_lib32413.sff
Roche454_Ciliate_specific	NG-7000_L090_lib32414.sff
Roche454_Ciliate_specific	NG-7000_L100_lib32415.sff
Roche454_universal_primers	NG-6848_B010_lib28275_1779_01.sff
Roche454_universal_primers	NG-6848_B020_lib28276_1779_01.sff
Roche454_universal_primers	NG-6848_B030_lib28277_1779_01.sff
Roche454_universal_primers	NG-6848_B040_lib28278_1779_01.sff
Roche454_universal_primers	NG-6848_B050_lib28279_1779_01.sff
Roche454_universal_primers	NG-6848_B060_lib28280_1779_01.sff
Roche454_universal_primers	NG-6848_B070_lib28281_1779_01.sff
Roche454_universal_primers	NG-6848_B080_lib28282_1779_01.sff
Roche454_universal_primers	NG-6848_B090_lib28283_1779_01.sff
Roche454_universal_primers	NG-6848_B100_lib28284_1779_01.sff
Roche454_universal_primers	NG-6848_L010_lib28265_1779_01.sff
Roche454_universal_primers	NG-6848_L020_lib28266_1779_01.sff
Roche454_universal_primers	NG-6848_L030_lib28267_1779_01.sff
Roche454_universal_primers	NG-6848_L040_lib28268_1779_01.sff
Roche454_universal_primers	NG-6848_L050_lib28269_1779_01.sff
Roche454_universal_primers	NG-6848_L060_lib28270_1779_01.sff
Roche454_universal_primers	NG-6848_L070_lib28271_1779_01.sff
Roche454_universal_primers	NG-6848_L080_lib28272_1779_01.sff
Roche454_universal_primers	NG-6848_L090_lib28273_1779_01.sff
Roche454_universal_primers	NG-6848_L100_lib28274_1779_01.sff
